ldh_factor,time_min,simulated,data,fit,fitted_ldh_factor,fitted_ldh_factor_se
0.25,0,0.011,-0.0022707,0.011,0.247016,0.00730958
0.25,0.5,0.0110155,,0.0110155,0.247016,0.00730958
0.25,1,0.0111564,,0.0111565,0.247016,0.00730958
0.25,1.5,0.0115893,,0.01159,0.247016,0.00730958
0.25,2,0.0124735,,0.0124752,0.247016,0.00730958
0.25,2.5,0.013936,,0.0139393,0.247016,0.00730958
0.25,3,0.0160645,,0.0160701,0.247016,0.00730958
0.25,3.5,0.0189095,,0.0189178,0.247016,0.00730958
0.25,4,0.0224894,,0.0225009,0.247016,0.00730958
0.25,4.5,0.0267972,,0.0268122,0.247016,0.00730958
0.25,5,0.0318068,0.0195384,0.0318255,0.247016,0.00730958
0.25,5.5,0.0374783,,0.0375009,0.247016,0.00730958
0.25,6,0.0437631,,0.0437895,0.247016,0.00730958
0.25,6.5,0.0506068,,0.0506372,0.247016,0.00730958
0.25,7,0.0579528,,0.0579869,0.247016,0.00730958
0.25,7.5,0.0657435,,0.0657811,0.247016,0.00730958
0.25,8,0.0739225,,0.0739635,0.247016,0.00730958
0.25,8.5,0.0824353,,0.0824795,0.247016,0.00730958
0.25,9,0.0912302,,0.0912774,0.247016,0.00730958
0.25,9.5,0.100259,,0.100309,0.247016,0.00730958
0.25,10,0.109475,0.0773725,0.109528,0.247016,0.00730958
0.25,10.5,0.118839,,0.118893,0.247016,0.00730958
0.25,11,0.128311,,0.128367,0.247016,0.00730958
0.25,11.5,0.137857,,0.137915,0.247016,0.00730958
0.25,12,0.147445,,0.147505,0.247016,0.00730958
0.25,12.5,0.157047,,0.157109,0.247016,0.00730958
0.25,13,0.166639,,0.166701,0.247016,0.00730958
0.25,13.5,0.176196,,0.17626,0.247016,0.00730958
0.25,14,0.1857,,0.185764,0.247016,0.00730958
0.25,14.5,0.195132,,0.195198,0.247016,0.00730958
0.25,15,0.204478,0.219065,0.204544,0.247016,0.00730958
0.25,15.5,0.213724,,0.21379,0.247016,0.00730958
0.25,16,0.222857,,0.222925,0.247016,0.00730958
0.25,16.5,0.23187,,0.231937,0.247016,0.00730958
0.25,17,0.240752,,0.24082,0.247016,0.00730958
0.25,17.5,0.249496,,0.249565,0.247016,0.00730958
0.25,18,0.258098,,0.258167,0.247016,0.00730958
0.25,18.5,0.266552,,0.266621,0.247016,0.00730958
0.25,19,0.274855,,0.274924,0.247016,0.00730958
0.25,19.5,0.283003,,0.283072,0.247016,0.00730958
0.25,20,0.290995,0.307117,0.291064,0.247016,0.00730958
0.25,20.5,0.298829,,0.298899,0.247016,0.00730958
0.25,21,0.306504,,0.306575,0.247016,0.00730958
0.25,21.5,0.314022,,0.314092,0.247016,0.00730958
0.25,22,0.32138,,0.321451,0.247016,0.00730958
0.25,22.5,0.328582,,0.328653,0.247016,0.00730958
0.25,23,0.335627,,0.335698,0.247016,0.00730958
0.25,23.5,0.342518,,0.342589,0.247016,0.00730958
0.25,24,0.349255,,0.349326,0.247016,0.00730958
0.25,24.5,0.355841,,0.355912,0.247016,0.00730958
0.25,25,0.362278,0.352751,0.36235,0.247016,0.00730958
0.25,25.5,0.368569,,0.368641,0.247016,0.00730958
0.25,26,0.374716,,0.374788,0.247016,0.00730958
0.25,26.5,0.380721,,0.380793,0.247016,0.00730958
0.25,27,0.386588,,0.38666,0.247016,0.00730958
0.25,27.5,0.392319,,0.392391,0.247016,0.00730958
0.25,28,0.397917,,0.39799,0.247016,0.00730958
0.25,28.5,0.403385,,0.403458,0.247016,0.00730958
0.25,29,0.408726,,0.408798,0.247016,0.00730958
0.25,29.5,0.413942,,0.414015,0.247016,0.00730958
0.25,30,0.419037,0.422304,0.41911,0.247016,0.00730958
0.25,30.5,0.424014,,0.424087,0.247016,0.00730958
0.25,31,0.428875,,0.428949,0.247016,0.00730958
0.25,31.5,0.433624,,0.433697,0.247016,0.00730958
0.25,32,0.438262,,0.438336,0.247016,0.00730958
0.25,32.5,0.442794,,0.442868,0.247016,0.00730958
0.25,33,0.447222,,0.447296,0.247016,0.00730958
0.25,33.5,0.451548,,0.451622,0.247016,0.00730958
0.25,34,0.455775,,0.45585,0.247016,0.00730958
0.25,34.5,0.459906,,0.459981,0.247016,0.00730958
0.25,35,0.463943,0.43809,0.464018,0.247016,0.00730958
0.25,35.5,0.467889,,0.467965,0.247016,0.00730958
0.25,36,0.471747,,0.471822,0.247016,0.00730958
0.25,36.5,0.475518,,0.475593,0.247016,0.00730958
0.25,37,0.479205,,0.47928,0.247016,0.00730958
0.25,37.5,0.48281,,0.482886,0.247016,0.00730958
0.25,38,0.486335,,0.486412,0.247016,0.00730958
0.25,38.5,0.489784,,0.48986,0.247016,0.00730958
0.25,39,0.493156,,0.493233,0.247016,0.00730958
0.25,39.5,0.496456,,0.496533,0.247016,0.00730958
0.25,40,0.499684,0.490248,0.499761,0.247016,0.00730958
0.25,40.5,0.502843,,0.50292,0.247016,0.00730958
0.25,41,0.505934,,0.506012,0.247016,0.00730958
0.25,41.5,0.50896,,0.509037,0.247016,0.00730958
0.25,42,0.511922,,0.511999,0.247016,0.00730958
0.25,42.5,0.514821,,0.514899,0.247016,0.00730958
0.25,43,0.517659,,0.517737,0.247016,0.00730958
0.25,43.5,0.520439,,0.520517,0.247016,0.00730958
0.25,44,0.523161,,0.523239,0.247016,0.00730958
0.25,44.5,0.525827,,0.525906,0.247016,0.00730958
0.25,45,0.528439,0.555998,0.528517,0.247016,0.00730958
0.25,45.5,0.530997,,0.531076,0.247016,0.00730958
0.25,46,0.533504,,0.533583,0.247016,0.00730958
0.25,46.5,0.53596,,0.536039,0.247016,0.00730958
0.25,47,0.538367,,0.538446,0.247016,0.00730958
0.25,47.5,0.540726,,0.540805,0.247016,0.00730958
0.25,48,0.543038,,0.543118,0.247016,0.00730958
0.25,48.5,0.545305,,0.545385,0.247016,0.00730958
0.25,49,0.547528,,0.547608,0.247016,0.00730958
0.25,49.5,0.549707,,0.549787,0.247016,0.00730958
0.25,50,0.551844,0.554558,0.551924,0.247016,0.00730958
0.25,50.5,0.553939,,0.554019,0.247016,0.00730958
0.25,51,0.555995,,0.556075,0.247016,0.00730958
0.25,51.5,0.558011,,0.558091,0.247016,0.00730958
0.25,52,0.559988,,0.560069,0.247016,0.00730958
0.25,52.5,0.561929,,0.562009,0.247016,0.00730958
0.25,53,0.563832,,0.563913,0.247016,0.00730958
0.25,53.5,0.5657,,0.565781,0.247016,0.00730958
0.25,54,0.567533,,0.567615,0.247016,0.00730958
0.25,54.5,0.569333,,0.569414,0.247016,0.00730958
0.25,55,0.571098,0.617306,0.57118,0.247016,0.00730958
0.25,55.5,0.572832,,0.572913,0.247016,0.00730958
0.25,56,0.574533,,0.574615,0.247016,0.00730958
0.25,56.5,0.576203,,0.576285,0.247016,0.00730958
0.25,57,0.577843,,0.577925,0.247016,0.00730958
0.25,57.5,0.579454,,0.579536,0.247016,0.00730958
0.25,58,0.581035,,0.581117,0.247016,0.00730958
0.25,58.5,0.582587,,0.58267,0.247016,0.00730958
0.25,59,0.584112,,0.584195,0.247016,0.00730958
0.25,59.5,0.58561,,0.585692,0.247016,0.00730958
0.25,60,0.587081,0.571337,0.587163,0.247016,0.00730958
0.25,60.5,0.588526,,0.588608,0.247016,0.00730958
0.25,61,0.589945,,0.590028,0.247016,0.00730958
0.25,61.5,0.591339,,0.591422,0.247016,0.00730958
0.25,62,0.592709,,0.592792,0.247016,0.00730958
0.25,62.5,0.594055,,0.594138,0.247016,0.00730958
0.25,63,0.595378,,0.595461,0.247016,0.00730958
0.25,63.5,0.596677,,0.59676,0.247016,0.00730958
0.25,64,0.597954,,0.598037,0.247016,0.00730958
0.25,64.5,0.599208,,0.599292,0.247016,0.00730958
0.25,65,0.600441,0.612047,0.600525,0.247016,0.00730958
0.25,65.5,0.601653,,0.601737,0.247016,0.00730958
0.25,66,0.602844,,0.602928,0.247016,0.00730958
0.25,66.5,0.604015,,0.604098,0.247016,0.00730958
0.25,67,0.605165,,0.605249,0.247016,0.00730958
0.25,67.5,0.606296,,0.60638,0.247016,0.00730958
0.25,68,0.607408,,0.607492,0.247016,0.00730958
0.25,68.5,0.608501,,0.608585,0.247016,0.00730958
0.25,69,0.609575,,0.609659,0.247016,0.00730958
0.25,69.5,0.610631,,0.610716,0.247016,0.00730958
0.25,70,0.61167,0.60776,0.611754,0.247016,0.00730958
0.25,70.5,0.612691,,0.612775,0.247016,0.00730958
0.25,71,0.613695,,0.613779,0.247016,0.00730958
0.25,71.5,0.614682,,0.614766,0.247016,0.00730958
0.25,72,0.615652,,0.615736,0.247016,0.00730958
0.25,72.5,0.616606,,0.616691,0.247016,0.00730958
0.25,73,0.617544,,0.617629,0.247016,0.00730958
0.25,73.5,0.618467,,0.618552,0.247016,0.00730958
0.25,74,0.619374,,0.619459,0.247016,0.00730958
0.25,74.5,0.620267,,0.620352,0.247016,0.00730958
0.25,75,0.621144,0.632461,0.621229,0.247016,0.00730958
0.25,75.5,0.622007,,0.622092,0.247016,0.00730958
0.25,76,0.622856,,0.622941,0.247016,0.00730958
0.25,76.5,0.623691,,0.623776,0.247016,0.00730958
0.25,77,0.624512,,0.624597,0.247016,0.00730958
0.25,77.5,0.625319,,0.625404,0.247016,0.00730958
0.25,78,0.626113,,0.626198,0.247016,0.00730958
0.25,78.5,0.626894,,0.62698,0.247016,0.00730958
0.25,79,0.627662,,0.627748,0.247016,0.00730958
0.25,79.5,0.628418,,0.628504,0.247016,0.00730958
0.25,80,0.629161,0.629017,0.629247,0.247016,0.00730958
0.25,80.5,0.629893,,0.629978,0.247016,0.00730958
0.25,81,0.630612,,0.630697,0.247016,0.00730958
0.25,81.5,0.631319,,0.631405,0.247016,0.00730958
0.25,82,0.632015,,0.632101,0.247016,0.00730958
0.25,82.5,0.6327,,0.632786,0.247016,0.00730958
0.25,83,0.633373,,0.633459,0.247016,0.00730958
0.25,83.5,0.634036,,0.634122,0.247016,0.00730958
0.25,84,0.634687,,0.634773,0.247016,0.00730958
0.25,84.5,0.635329,,0.635415,0.247016,0.00730958
0.25,85,0.635959,0.624735,0.636045,0.247016,0.00730958
0.25,85.5,0.63658,,0.636666,0.247016,0.00730958
0.25,86,0.63719,,0.637276,0.247016,0.00730958
0.25,86.5,0.637791,,0.637877,0.247016,0.00730958
0.25,87,0.638382,,0.638468,0.247016,0.00730958
0.25,87.5,0.638963,,0.639049,0.247016,0.00730958
0.25,88,0.639535,,0.639621,0.247016,0.00730958
0.25,88.5,0.640097,,0.640184,0.247016,0.00730958
0.25,89,0.640651,,0.640737,0.247016,0.00730958
0.25,89.5,0.641196,,0.641282,0.247016,0.00730958
0.25,90,0.641731,0.624379,0.641818,0.247016,0.00730958
0.25,90.5,0.642259,,0.642345,0.247016,0.00730958
0.25,91,0.642777,,0.642864,0.247016,0.00730958
0.25,91.5,0.643288,,0.643374,0.247016,0.00730958
0.25,92,0.64379,,0.643876,0.247016,0.00730958
0.25,92.5,0.644284,,0.64437,0.247016,0.00730958
0.25,93,0.64477,,0.644856,0.247016,0.00730958
0.25,93.5,0.645248,,0.645335,0.247016,0.00730958
0.25,94,0.645719,,0.645805,0.247016,0.00730958
0.25,94.5,0.646182,,0.646268,0.247016,0.00730958
0.25,95,0.646637,0.707958,0.646724,0.247016,0.00730958
0.25,95.5,0.647085,,0.647172,0.247016,0.00730958
0.25,96,0.647526,,0.647613,0.247016,0.00730958
0.25,96.5,0.64796,,0.648047,0.247016,0.00730958
0.25,97,0.648387,,0.648474,0.247016,0.00730958
0.25,97.5,0.648807,,0.648894,0.247016,0.00730958
0.25,98,0.649221,,0.649308,0.247016,0.00730958
0.25,98.5,0.649627,,0.649714,0.247016,0.00730958
0.25,99,0.650028,,0.650115,0.247016,0.00730958
0.25,99.5,0.650421,,0.650509,0.247016,0.00730958
0.25,100,0.650809,0.649262,0.650896,0.247016,0.00730958
0.25,100.5,0.65119,,0.651277,0.247016,0.00730958
0.25,101,0.651565,,0.651652,0.247016,0.00730958
0.25,101.5,0.651934,,0.652022,0.247016,0.00730958
0.25,102,0.652298,,0.652385,0.247016,0.00730958
0.25,102.5,0.652655,,0.652742,0.247016,0.00730958
0.25,103,0.653007,,0.653094,0.247016,0.00730958
0.25,103.5,0.653353,,0.65344,0.247016,0.00730958
0.25,104,0.653693,,0.653781,0.247016,0.00730958
0.25,104.5,0.654028,,0.654116,0.247016,0.00730958
0.25,105,0.654358,0.614025,0.654445,0.247016,0.00730958
0.25,105.5,0.654682,,0.65477,0.247016,0.00730958
0.25,106,0.655002,,0.655089,0.247016,0.00730958
0.25,106.5,0.655316,,0.655403,0.247016,0.00730958
0.25,107,0.655625,,0.655712,0.247016,0.00730958
0.25,107.5,0.655929,,0.656016,0.247016,0.00730958
0.25,108,0.656228,,0.656316,0.247016,0.00730958
0.25,108.5,0.656522,,0.65661,0.247016,0.00730958
0.25,109,0.656812,,0.6569,0.247016,0.00730958
0.25,109.5,0.657097,,0.657185,0.247016,0.00730958
0.25,110,0.657378,0.644406,0.657465,0.247016,0.00730958
0.25,110.5,0.657654,,0.657742,0.247016,0.00730958
0.25,111,0.657926,,0.658013,0.247016,0.00730958
0.25,111.5,0.658193,,0.658281,0.247016,0.00730958
0.25,112,0.658456,,0.658544,0.247016,0.00730958
0.25,112.5,0.658715,,0.658802,0.247016,0.00730958
0.25,113,0.658969,,0.659057,0.247016,0.00730958
0.25,113.5,0.65922,,0.659308,0.247016,0.00730958
0.25,114,0.659466,,0.659554,0.247016,0.00730958
0.25,114.5,0.659709,,0.659797,0.247016,0.00730958
0.25,115,0.659948,0.673509,0.660036,0.247016,0.00730958
0.25,115.5,0.660183,,0.66027,0.247016,0.00730958
0.25,116,0.660414,,0.660502,0.247016,0.00730958
0.25,116.5,0.660641,,0.660729,0.247016,0.00730958
0.25,117,0.660865,,0.660953,0.247016,0.00730958
0.25,117.5,0.661085,,0.661173,0.247016,0.00730958
0.25,118,0.661302,,0.66139,0.247016,0.00730958
0.25,118.5,0.661515,,0.661603,0.247016,0.00730958
0.25,119,0.661725,,0.661813,0.247016,0.00730958
0.25,119.5,0.661931,,0.662019,0.247016,0.00730958
0.25,120,0.662135,0.652134,0.662223,0.247016,0.00730958
0.5,0,0.011,0.0382089,0.011,0.535288,0.0279
0.5,0.5,0.0110142,,0.0110141,0.535288,0.0279
0.5,1,0.0111429,,0.0111413,0.535288,0.0279
0.5,1.5,0.0115394,,0.0115336,0.535288,0.0279
0.5,2,0.012354,,0.0123406,0.535288,0.0279
0.5,2.5,0.0137108,,0.0136861,0.535288,0.0279
0.5,3,0.0156995,,0.0156603,0.535288,0.0279
0.5,3.5,0.0183755,,0.0183195,0.535288,0.0279
0.5,4,0.0217645,,0.0216901,0.535288,0.0279
0.5,4.5,0.0258669,,0.0257734,0.535288,0.0279
0.5,5,0.0306639,0.0507119,0.0305514,0.535288,0.0279
0.5,5.5,0.0361223,,0.0359914,0.535288,0.0279
0.5,6,0.0421986,,0.0420505,0.535288,0.0279
0.5,6.5,0.0488428,,0.048679,0.535288,0.0279
0.5,7,0.0560011,,0.0558231,0.535288,0.0279
0.5,7.5,0.0636182,,0.0634277,0.535288,0.0279
0.5,8,0.0716386,,0.0714374,0.535288,0.0279
0.5,8.5,0.0800085,,0.0797981,0.535288,0.0279
0.5,9,0.0886759,,0.0884578,0.535288,0.0279
0.5,9.5,0.0975917,,0.0973673,0.535288,0.0279
0.5,10,0.10671,0.103663,0.10648,0.535288,0.0279
0.5,10.5,0.115988,,0.115754,0.535288,0.0279
0.5,11,0.125386,,0.12515,0.535288,0.0279
0.5,11.5,0.13487,,0.13463,0.535288,0.0279
0.5,12,0.144404,,0.144163,0.535288,0.0279
0.5,12.5,0.153962,,0.15372,0.535288,0.0279
0.5,13,0.163516,,0.163272,0.535288,0.0279
0.5,13.5,0.173042,,0.172798,0.535288,0.0279
0.5,14,0.18252,,0.182276,0.535288,0.0279
0.5,14.5,0.191931,,0.191687,0.535288,0.0279
0.5,15,0.201259,0.191815,0.201015,0.535288,0.0279
0.5,15.5,0.21049,,0.210246,0.535288,0.0279
0.5,16,0.219612,,0.219368,0.535288,0.0279
0.5,16.5,0.228614,,0.22837,0.535288,0.0279
0.5,17,0.237487,,0.237244,0.535288,0.0279
0.5,17.5,0.246225,,0.245982,0.535288,0.0279
0.5,18,0.254821,,0.254578,0.535288,0.0279
0.5,18.5,0.263269,,0.263026,0.535288,0.0279
0.5,19,0.271567,,0.271324,0.535288,0.0279
0.5,19.5,0.27971,,0.279467,0.535288,0.0279
0.5,20,0.287697,0.267601,0.287455,0.535288,0.0279
0.5,20.5,0.295527,,0.295284,0.535288,0.0279
0.5,21,0.303198,,0.302955,0.535288,0.0279
0.5,21.5,0.31071,,0.310467,0.535288,0.0279
0.5,22,0.318064,,0.317821,0.535288,0.0279
0.5,22.5,0.32526,,0.325017,0.535288,0.0279
0.5,23,0.3323,,0.332056,0.535288,0.0279
0.5,23.5,0.339185,,0.338941,0.535288,0.0279
0.5,24,0.345916,,0.345672,0.535288,0.0279
0.5,24.5,0.352496,,0.352251,0.535288,0.0279
0.5,25,0.358927,0.344927,0.358682,0.535288,0.0279
0.5,25.5,0.365211,,0.364965,0.535288,0.0279
0.5,26,0.371351,,0.371104,0.535288,0.0279
0.5,26.5,0.377349,,0.377102,0.535288,0.0279
0.5,27,0.383208,,0.382961,0.535288,0.0279
0.5,27.5,0.388931,,0.388684,0.535288,0.0279
0.5,28,0.394522,,0.394273,0.535288,0.0279
0.5,28.5,0.399981,,0.399733,0.535288,0.0279
0.5,29,0.405314,,0.405065,0.535288,0.0279
0.5,29.5,0.410522,,0.410272,0.535288,0.0279
0.5,30,0.415609,0.386146,0.415358,0.535288,0.0279
0.5,30.5,0.420577,,0.420326,0.535288,0.0279
0.5,31,0.42543,,0.425178,0.535288,0.0279
0.5,31.5,0.43017,,0.429918,0.535288,0.0279
0.5,32,0.4348,,0.434547,0.535288,0.0279
0.5,32.5,0.439323,,0.43907,0.535288,0.0279
0.5,33,0.443742,,0.443488,0.535288,0.0279
0.5,33.5,0.44806,,0.447805,0.535288,0.0279
0.5,34,0.452278,,0.452023,0.535288,0.0279
0.5,34.5,0.4564,,0.456144,0.535288,0.0279
0.5,35,0.460429,0.484517,0.460172,0.535288,0.0279
0.5,35.5,0.464367,,0.464109,0.535288,0.0279
0.5,36,0.468215,,0.467958,0.535288,0.0279
0.5,36.5,0.471978,,0.471719,0.535288,0.0279
0.5,37,0.475656,,0.475397,0.535288,0.0279
0.5,37.5,0.479253,,0.478994,0.535288,0.0279
0.5,38,0.48277,,0.48251,0.535288,0.0279
0.5,38.5,0.48621,,0.48595,0.535288,0.0279
0.5,39,0.489575,,0.489314,0.535288,0.0279
0.5,39.5,0.492866,,0.492605,0.535288,0.0279
0.5,40,0.496087,0.527901,0.495824,0.535288,0.0279
0.5,40.5,0.499237,,0.498975,0.535288,0.0279
0.5,41,0.502321,,0.502057,0.535288,0.0279
0.5,41.5,0.505339,,0.505075,0.535288,0.0279
0.5,42,0.508292,,0.508028,0.535288,0.0279
0.5,42.5,0.511184,,0.510919,0.535288,0.0279
0.5,43,0.514015,,0.51375,0.535288,0.0279
0.5,43.5,0.516787,,0.516521,0.535288,0.0279
0.5,44,0.519502,,0.519235,0.535288,0.0279
0.5,44.5,0.522161,,0.521894,0.535288,0.0279
0.5,45,0.524765,0.499642,0.524498,0.535288,0.0279
0.5,45.5,0.527317,,0.527048,0.535288,0.0279
0.5,46,0.529816,,0.529548,0.535288,0.0279
0.5,46.5,0.532265,,0.531996,0.535288,0.0279
0.5,47,0.534666,,0.534396,0.535288,0.0279
0.5,47.5,0.537018,,0.536748,0.535288,0.0279
0.5,48,0.539324,,0.539053,0.535288,0.0279
0.5,48.5,0.541584,,0.541313,0.535288,0.0279
0.5,49,0.5438,,0.543529,0.535288,0.0279
0.5,49.5,0.545973,,0.545701,0.535288,0.0279
0.5,50,0.548103,0.52447,0.547831,0.535288,0.0279
0.5,50.5,0.550193,,0.54992,0.535288,0.0279
0.5,51,0.552242,,0.551969,0.535288,0.0279
0.5,51.5,0.554252,,0.553979,0.535288,0.0279
0.5,52,0.556224,,0.55595,0.535288,0.0279
0.5,52.5,0.558159,,0.557884,0.535288,0.0279
0.5,53,0.560057,,0.559782,0.535288,0.0279
0.5,53.5,0.561919,,0.561644,0.535288,0.0279
0.5,54,0.563747,,0.563471,0.535288,0.0279
0.5,54.5,0.56554,,0.565265,0.535288,0.0279
0.5,55,0.567301,0.53193,0.567025,0.535288,0.0279
0.5,55.5,0.569029,,0.568752,0.535288,0.0279
0.5,56,0.570725,,0.570448,0.535288,0.0279
0.5,56.5,0.57239,,0.572113,0.535288,0.0279
0.5,57,0.574025,,0.573747,0.535288,0.0279
0.5,57.5,0.57563,,0.575352,0.535288,0.0279
0.5,58,0.577206,,0.576928,0.535288,0.0279
0.5,58.5,0.578754,,0.578476,0.535288,0.0279
0.5,59,0.580274,,0.579996,0.535288,0.0279
0.5,59.5,0.581767,,0.581488,0.535288,0.0279
0.5,60,0.583234,0.563957,0.582954,0.535288,0.0279
0.5,60.5,0.584674,,0.584394,0.535288,0.0279
0.5,61,0.586089,,0.585809,0.535288,0.0279
0.5,61.5,0.587479,,0.587199,0.535288,0.0279
0.5,62,0.588844,,0.588564,0.535288,0.0279
0.5,62.5,0.590186,,0.589905,0.535288,0.0279
0.5,63,0.591504,,0.591223,0.535288,0.0279
0.5,63.5,0.592799,,0.592518,0.535288,0.0279
0.5,64,0.594072,,0.59379,0.535288,0.0279
0.5,64.5,0.595323,,0.595041,0.535288,0.0279
0.5,65,0.596552,0.534425,0.59627,0.535288,0.0279
0.5,65.5,0.59776,,0.597477,0.535288,0.0279
0.5,66,0.598947,,0.598664,0.535288,0.0279
0.5,66.5,0.600114,,0.599831,0.535288,0.0279
0.5,67,0.601261,,0.600977,0.535288,0.0279
0.5,67.5,0.602388,,0.602104,0.535288,0.0279
0.5,68,0.603496,,0.603212,0.535288,0.0279
0.5,68.5,0.604586,,0.604301,0.535288,0.0279
0.5,69,0.605656,,0.605372,0.535288,0.0279
0.5,69.5,0.606709,,0.606425,0.535288,0.0279
0.5,70,0.607744,0.584899,0.60746,0.535288,0.0279
0.5,70.5,0.608762,,0.608477,0.535288,0.0279
0.5,71,0.609762,,0.609477,0.535288,0.0279
0.5,71.5,0.610746,,0.610461,0.535288,0.0279
0.5,72,0.611714,,0.611428,0.535288,0.0279
0.5,72.5,0.612665,,0.612379,0.535288,0.0279
0.5,73,0.6136,,0.613314,0.535288,0.0279
0.5,73.5,0.61452,,0.614233,0.535288,0.0279
0.5,74,0.615424,,0.615137,0.535288,0.0279
0.5,74.5,0.616313,,0.616027,0.535288,0.0279
0.5,75,0.617188,0.643126,0.616901,0.535288,0.0279
0.5,75.5,0.618048,,0.617761,0.535288,0.0279
0.5,76,0.618894,,0.618607,0.535288,0.0279
0.5,76.5,0.619726,,0.619439,0.535288,0.0279
0.5,77,0.620544,,0.620257,0.535288,0.0279
0.5,77.5,0.621349,,0.621061,0.535288,0.0279
0.5,78,0.622141,,0.621853,0.535288,0.0279
0.5,78.5,0.622919,,0.622631,0.535288,0.0279
0.5,79,0.623685,,0.623396,0.535288,0.0279
0.5,79.5,0.624438,,0.62415,0.535288,0.0279
0.5,80,0.625179,0.618265,0.62489,0.535288,0.0279
0.5,80.5,0.625908,,0.625619,0.535288,0.0279
0.5,81,0.626625,,0.626335,0.535288,0.0279
0.5,81.5,0.62733,,0.62704,0.535288,0.0279
0.5,82,0.628023,,0.627734,0.535288,0.0279
0.5,82.5,0.628706,,0.628416,0.535288,0.0279
0.5,83,0.629377,,0.629087,0.535288,0.0279
0.5,83.5,0.630037,,0.629747,0.535288,0.0279
0.5,84,0.630687,,0.630397,0.535288,0.0279
0.5,84.5,0.631326,,0.631036,0.535288,0.0279
0.5,85,0.631954,0.649046,0.631664,0.535288,0.0279
0.5,85.5,0.632573,,0.632283,0.535288,0.0279
0.5,86,0.633181,,0.632891,0.535288,0.0279
0.5,86.5,0.63378,,0.633489,0.535288,0.0279
0.5,87,0.634369,,0.634078,0.535288,0.0279
0.5,87.5,0.634948,,0.634657,0.535288,0.0279
0.5,88,0.635518,,0.635227,0.535288,0.0279
0.5,88.5,0.636079,,0.635788,0.535288,0.0279
0.5,89,0.636631,,0.636339,0.535288,0.0279
0.5,89.5,0.637173,,0.636882,0.535288,0.0279
0.5,90,0.637707,0.627928,0.637416,0.535288,0.0279
0.5,90.5,0.638233,,0.637941,0.535288,0.0279
0.5,91,0.63875,,0.638458,0.535288,0.0279
0.5,91.5,0.639259,,0.638967,0.535288,0.0279
0.5,92,0.639759,,0.639467,0.535288,0.0279
0.5,92.5,0.640251,,0.639959,0.535288,0.0279
0.5,93,0.640736,,0.640444,0.535288,0.0279
0.5,93.5,0.641212,,0.64092,0.535288,0.0279
0.5,94,0.641681,,0.641389,0.535288,0.0279
0.5,94.5,0.642143,,0.64185,0.535288,0.0279
0.5,95,0.642597,0.67781,0.642304,0.535288,0.0279
0.5,95.5,0.643044,,0.642751,0.535288,0.0279
0.5,96,0.643483,,0.64319,0.535288,0.0279
0.5,96.5,0.643916,,0.643623,0.535288,0.0279
0.5,97,0.644341,,0.644048,0.535288,0.0279
0.5,97.5,0.64476,,0.644467,0.535288,0.0279
0.5,98,0.645172,,0.644879,0.535288,0.0279
0.5,98.5,0.645577,,0.645284,0.535288,0.0279
0.5,99,0.645976,,0.645683,0.535288,0.0279
0.5,99.5,0.646369,,0.646075,0.535288,0.0279
0.5,100,0.646755,0.650739,0.646461,0.535288,0.0279
0.5,100.5,0.647135,,0.646841,0.535288,0.0279
0.5,101,0.647509,,0.647215,0.535288,0.0279
0.5,101.5,0.647877,,0.647583,0.535288,0.0279
0.5,102,0.648239,,0.647945,0.535288,0.0279
0.5,102.5,0.648595,,0.648301,0.535288,0.0279
0.5,103,0.648946,,0.648651,0.535288,0.0279
0.5,103.5,0.64929,,0.648996,0.535288,0.0279
0.5,104,0.64963,,0.649336,0.535288,0.0279
0.5,104.5,0.649964,,0.649669,0.535288,0.0279
0.5,105,0.650292,0.642652,0.649998,0.535288,0.0279
0.5,105.5,0.650616,,0.650321,0.535288,0.0279
0.5,106,0.650934,,0.650639,0.535288,0.0279
0.5,106.5,0.651247,,0.650952,0.535288,0.0279
0.5,107,0.651555,,0.65126,0.535288,0.0279
0.5,107.5,0.651858,,0.651563,0.535288,0.0279
0.5,108,0.652156,,0.651861,0.535288,0.0279
0.5,108.5,0.65245,,0.652155,0.535288,0.0279
0.5,109,0.652738,,0.652444,0.535288,0.0279
0.5,109.5,0.653023,,0.652728,0.535288,0.0279
0.5,110,0.653302,0.704351,0.653007,0.535288,0.0279
0.5,110.5,0.653577,,0.653282,0.535288,0.0279
0.5,111,0.653848,,0.653553,0.535288,0.0279
0.5,111.5,0.654114,,0.653819,0.535288,0.0279
0.5,112,0.654377,,0.654081,0.535288,0.0279
0.5,112.5,0.654635,,0.654339,0.535288,0.0279
0.5,113,0.654888,,0.654593,0.535288,0.0279
0.5,113.5,0.655138,,0.654843,0.535288,0.0279
0.5,114,0.655384,,0.655088,0.535288,0.0279
0.5,114.5,0.655626,,0.65533,0.535288,0.0279
0.5,115,0.655864,0.649374,0.655568,0.535288,0.0279
0.5,115.5,0.656098,,0.655802,0.535288,0.0279
0.5,116,0.656328,,0.656032,0.535288,0.0279
0.5,116.5,0.656555,,0.656259,0.535288,0.0279
0.5,117,0.656778,,0.656482,0.535288,0.0279
0.5,117.5,0.656997,,0.656702,0.535288,0.0279
0.5,118,0.657213,,0.656917,0.535288,0.0279
0.5,118.5,0.657426,,0.65713,0.535288,0.0279
0.5,119,0.657635,,0.657339,0.535288,0.0279
0.5,119.5,0.657841,,0.657545,0.535288,0.0279
0.5,120,0.658043,0.633619,0.657747,0.535288,0.0279
1,0,0.011,0.0150382,0.011,1.01136,0.0793682
1,0.5,0.0110125,,0.0110124,1.01136,0.0793682
1,1,0.011125,,0.0111247,1.01136,0.0793682
1,1.5,0.0114771,,0.0114761,1.01136,0.0793682
1,2,0.0122128,,0.0122105,1.01136,0.0793682
1,2.5,0.0134572,,0.0134532,1.01136,0.0793682
1,3,0.0153066,,0.0153006,1.01136,0.0793682
1,3.5,0.0178255,,0.0178173,1.01136,0.0793682
1,4,0.0210487,,0.0210383,1.01136,0.0793682
1,4.5,0.024985,,0.0249726,1.01136,0.0793682
1,5,0.0296225,0.0288458,0.0296081,1.01136,0.0793682
1,5.5,0.0349327,,0.0349167,1.01136,0.0793682
1,6,0.0408754,,0.0408579,1.01136,0.0793682
1,6.5,0.0474021,,0.0473836,1.01136,0.0793682
1,7,0.0544597,,0.0544403,1.01136,0.0793682
1,7.5,0.0619923,,0.0619722,1.01136,0.0793682
1,8,0.0699435,,0.0699229,1.01136,0.0793682
1,8.5,0.0782579,,0.078237,1.01136,0.0793682
1,9,0.0868821,,0.0868611,1.01136,0.0793682
1,9.5,0.0957653,,0.0957442,1.01136,0.0793682
1,10,0.10486,0.126186,0.104839,1.01136,0.0793682
1,10.5,0.114122,,0.114101,1.01136,0.0793682
1,11,0.12351,,0.123489,1.01136,0.0793682
1,11.5,0.132988,,0.132967,1.01136,0.0793682
1,12,0.142521,,0.1425,1.01136,0.0793682
1,12.5,0.152079,,0.152059,1.01136,0.0793682
1,13,0.161636,,0.161616,1.01136,0.0793682
1,13.5,0.171167,,0.171147,1.01136,0.0793682
1,14,0.180651,,0.180631,1.01136,0.0793682
1,14.5,0.190068,,0.190048,1.01136,0.0793682
1,15,0.199402,0.18097,0.199383,1.01136,0.0793682
1,15.5,0.20864,,0.20862,1.01136,0.0793682
1,16,0.217767,,0.217748,1.01136,0.0793682
1,16.5,0.226775,,0.226756,1.01136,0.0793682
1,17,0.235654,,0.235635,1.01136,0.0793682
1,17.5,0.244396,,0.244377,1.01136,0.0793682
1,18,0.252996,,0.252977,1.01136,0.0793682
1,18.5,0.261447,,0.261429,1.01136,0.0793682
1,19,0.269748,,0.269729,1.01136,0.0793682
1,19.5,0.277893,,0.277875,1.01136,0.0793682
1,20,0.285882,0.301976,0.285864,1.01136,0.0793682
1,20.5,0.293712,,0.293694,1.01136,0.0793682
1,21,0.301384,,0.301366,1.01136,0.0793682
1,21.5,0.308896,,0.308878,1.01136,0.0793682
1,22,0.31625,,0.316232,1.01136,0.0793682
1,22.5,0.323445,,0.323427,1.01136,0.0793682
1,23,0.330484,,0.330466,1.01136,0.0793682
1,23.5,0.337367,,0.337349,1.01136,0.0793682
1,24,0.344096,,0.344078,1.01136,0.0793682
1,24.5,0.350674,,0.350656,1.01136,0.0793682
1,25,0.357102,0.374157,0.357084,1.01136,0.0793682
1,25.5,0.363383,,0.363365,1.01136,0.0793682
1,26,0.36952,,0.369502,1.01136,0.0793682
1,26.5,0.375515,,0.375497,1.01136,0.0793682
1,27,0.381371,,0.381353,1.01136,0.0793682
1,27.5,0.387091,,0.387073,1.01136,0.0793682
1,28,0.392677,,0.392659,1.01136,0.0793682
1,28.5,0.398134,,0.398115,1.01136,0.0793682
1,29,0.403462,,0.403444,1.01136,0.0793682
1,29.5,0.408667,,0.408648,1.01136,0.0793682
1,30,0.413749,0.400396,0.413731,1.01136,0.0793682
1,30.5,0.418714,,0.418695,1.01136,0.0793682
1,31,0.423562,,0.423544,1.01136,0.0793682
1,31.5,0.428298,,0.42828,1.01136,0.0793682
1,32,0.432924,,0.432906,1.01136,0.0793682
1,32.5,0.437443,,0.437425,1.01136,0.0793682
1,33,0.441858,,0.44184,1.01136,0.0793682
1,33.5,0.446171,,0.446153,1.01136,0.0793682
1,34,0.450386,,0.450367,1.01136,0.0793682
1,34.5,0.454504,,0.454485,1.01136,0.0793682
1,35,0.458528,0.461793,0.45851,1.01136,0.0793682
1,35.5,0.462462,,0.462443,1.01136,0.0793682
1,36,0.466306,,0.466288,1.01136,0.0793682
1,36.5,0.470065,,0.470046,1.01136,0.0793682
1,37,0.473739,,0.47372,1.01136,0.0793682
1,37.5,0.477332,,0.477313,1.01136,0.0793682
1,38,0.480845,,0.480826,1.01136,0.0793682
1,38.5,0.484281,,0.484262,1.01136,0.0793682
1,39,0.487642,,0.487623,1.01136,0.0793682
1,39.5,0.490929,,0.49091,1.01136,0.0793682
1,40,0.494146,0.477531,0.494127,1.01136,0.0793682
1,40.5,0.497293,,0.497274,1.01136,0.0793682
1,41,0.500372,,0.500353,1.01136,0.0793682
1,41.5,0.503386,,0.503367,1.01136,0.0793682
1,42,0.506337,,0.506317,1.01136,0.0793682
1,42.5,0.509225,,0.509205,1.01136,0.0793682
1,43,0.512052,,0.512033,1.01136,0.0793682
1,43.5,0.514821,,0.514801,1.01136,0.0793682
1,44,0.517532,,0.517513,1.01136,0.0793682
1,44.5,0.520187,,0.520168,1.01136,0.0793682
1,45,0.522788,0.569704,0.522769,1.01136,0.0793682
1,45.5,0.525336,,0.525317,1.01136,0.0793682
1,46,0.527832,,0.527813,1.01136,0.0793682
1,46.5,0.530278,,0.530259,1.01136,0.0793682
1,47,0.532675,,0.532656,1.01136,0.0793682
1,47.5,0.535025,,0.535005,1.01136,0.0793682
1,48,0.537327,,0.537308,1.01136,0.0793682
1,48.5,0.539584,,0.539565,1.01136,0.0793682
1,49,0.541797,,0.541778,1.01136,0.0793682
1,49.5,0.543967,,0.543948,1.01136,0.0793682
1,50,0.546095,0.532012,0.546075,1.01136,0.0793682
1,50.5,0.548181,,0.548162,1.01136,0.0793682
1,51,0.550228,,0.550208,1.01136,0.0793682
1,51.5,0.552235,,0.552215,1.01136,0.0793682
1,52,0.554204,,0.554184,1.01136,0.0793682
1,52.5,0.556136,,0.556116,1.01136,0.0793682
1,53,0.558031,,0.558011,1.01136,0.0793682
1,53.5,0.559891,,0.559871,1.01136,0.0793682
1,54,0.561716,,0.561696,1.01136,0.0793682
1,54.5,0.563507,,0.563487,1.01136,0.0793682
1,55,0.565265,0.556203,0.565245,1.01136,0.0793682
1,55.5,0.56699,,0.56697,1.01136,0.0793682
1,56,0.568684,,0.568664,1.01136,0.0793682
1,56.5,0.570347,,0.570327,1.01136,0.0793682
1,57,0.571979,,0.57196,1.01136,0.0793682
1,57.5,0.573582,,0.573562,1.01136,0.0793682
1,58,0.575156,,0.575136,1.01136,0.0793682
1,58.5,0.576702,,0.576682,1.01136,0.0793682
1,59,0.57822,,0.5782,1.01136,0.0793682
1,59.5,0.57971,,0.57969,1.01136,0.0793682
1,60,0.581174,0.559858,0.581155,1.01136,0.0793682
1,60.5,0.582613,,0.582593,1.01136,0.0793682
1,61,0.584025,,0.584006,1.01136,0.0793682
1,61.5,0.585413,,0.585393,1.01136,0.0793682
1,62,0.586777,,0.586757,1.01136,0.0793682
1,62.5,0.588116,,0.588096,1.01136,0.0793682
1,63,0.589433,,0.589413,1.01136,0.0793682
1,63.5,0.590726,,0.590706,1.01136,0.0793682
1,64,0.591997,,0.591977,1.01136,0.0793682
1,64.5,0.593245,,0.593225,1.01136,0.0793682
1,65,0.594473,0.58755,0.594453,1.01136,0.0793682
1,65.5,0.595679,,0.595659,1.01136,0.0793682
1,66,0.596864,,0.596844,1.01136,0.0793682
1,66.5,0.598029,,0.598009,1.01136,0.0793682
1,67,0.599174,,0.599154,1.01136,0.0793682
1,67.5,0.6003,,0.60028,1.01136,0.0793682
1,68,0.601406,,0.601386,1.01136,0.0793682
1,68.5,0.602494,,0.602474,1.01136,0.0793682
1,69,0.603563,,0.603543,1.01136,0.0793682
1,69.5,0.604615,,0.604595,1.01136,0.0793682
1,70,0.605648,0.605531,0.605628,1.01136,0.0793682
1,70.5,0.606664,,0.606644,1.01136,0.0793682
1,71,0.607663,,0.607643,1.01136,0.0793682
1,71.5,0.608645,,0.608625,1.01136,0.0793682
1,72,0.609611,,0.609591,1.01136,0.0793682
1,72.5,0.610561,,0.610541,1.01136,0.0793682
1,73,0.611495,,0.611474,1.01136,0.0793682
1,73.5,0.612413,,0.612393,1.01136,0.0793682
1,74,0.613316,,0.613296,1.01136,0.0793682
1,74.5,0.614204,,0.614184,1.01136,0.0793682
1,75,0.615077,0.630433,0.615057,1.01136,0.0793682
1,75.5,0.615936,,0.615916,1.01136,0.0793682
1,76,0.616781,,0.61676,1.01136,0.0793682
1,76.5,0.617611,,0.617591,1.01136,0.0793682
1,77,0.618428,,0.618408,1.01136,0.0793682
1,77.5,0.619232,,0.619212,1.01136,0.0793682
1,78,0.620022,,0.620002,1.01136,0.0793682
1,78.5,0.6208,,0.620779,1.01136,0.0793682
1,79,0.621564,,0.621544,1.01136,0.0793682
1,79.5,0.622316,,0.622296,1.01136,0.0793682
1,80,0.623056,0.610846,0.623036,1.01136,0.0793682
1,80.5,0.623784,,0.623763,1.01136,0.0793682
1,81,0.624499,,0.624479,1.01136,0.0793682
1,81.5,0.625203,,0.625183,1.01136,0.0793682
1,82,0.625896,,0.625876,1.01136,0.0793682
1,82.5,0.626577,,0.626557,1.01136,0.0793682
1,83,0.627247,,0.627227,1.01136,0.0793682
1,83.5,0.627907,,0.627886,1.01136,0.0793682
1,84,0.628555,,0.628535,1.01136,0.0793682
1,84.5,0.629193,,0.629173,1.01136,0.0793682
1,85,0.629821,0.626105,0.6298,1.01136,0.0793682
1,85.5,0.630438,,0.630418,1.01136,0.0793682
1,86,0.631046,,0.631025,1.01136,0.0793682
1,86.5,0.631644,,0.631623,1.01136,0.0793682
1,87,0.632232,,0.632211,1.01136,0.0793682
1,87.5,0.63281,,0.63279,1.01136,0.0793682
1,88,0.633379,,0.633359,1.01136,0.0793682
1,88.5,0.633939,,0.633918,1.01136,0.0793682
1,89,0.63449,,0.634469,1.01136,0.0793682
1,89.5,0.635032,,0.635011,1.01136,0.0793682
1,90,0.635565,0.607235,0.635545,1.01136,0.0793682
1,90.5,0.63609,,0.636069,1.01136,0.0793682
1,91,0.636606,,0.636585,1.01136,0.0793682
1,91.5,0.637114,,0.637093,1.01136,0.0793682
1,92,0.637613,,0.637593,1.01136,0.0793682
1,92.5,0.638105,,0.638084,1.01136,0.0793682
1,93,0.638589,,0.638568,1.01136,0.0793682
1,93.5,0.639065,,0.639044,1.01136,0.0793682
1,94,0.639533,,0.639512,1.01136,0.0793682
1,94.5,0.639994,,0.639973,1.01136,0.0793682
1,95,0.640447,0.623899,0.640426,1.01136,0.0793682
1,95.5,0.640893,,0.640872,1.01136,0.0793682
1,96,0.641332,,0.641311,1.01136,0.0793682
1,96.5,0.641764,,0.641743,1.01136,0.0793682
1,97,0.642189,,0.642168,1.01136,0.0793682
1,97.5,0.642607,,0.642586,1.01136,0.0793682
1,98,0.643018,,0.642997,1.01136,0.0793682
1,98.5,0.643423,,0.643402,1.01136,0.0793682
1,99,0.643821,,0.6438,1.01136,0.0793682
1,99.5,0.644213,,0.644192,1.01136,0.0793682
1,100,0.644598,0.699715,0.644578,1.01136,0.0793682
1,100.5,0.644978,,0.644957,1.01136,0.0793682
1,101,0.645351,,0.645331,1.01136,0.0793682
1,101.5,0.645719,,0.645698,1.01136,0.0793682
1,102,0.64608,,0.646059,1.01136,0.0793682
1,102.5,0.646436,,0.646415,1.01136,0.0793682
1,103,0.646786,,0.646765,1.01136,0.0793682
1,103.5,0.64713,,0.647109,1.01136,0.0793682
1,104,0.647469,,0.647448,1.01136,0.0793682
1,104.5,0.647802,,0.647782,1.01136,0.0793682
1,105,0.64813,0.668955,0.64811,1.01136,0.0793682
1,105.5,0.648453,,0.648432,1.01136,0.0793682
1,106,0.648771,,0.64875,1.01136,0.0793682
1,106.5,0.649083,,0.649063,1.01136,0.0793682
1,107,0.649391,,0.64937,1.01136,0.0793682
1,107.5,0.649693,,0.649673,1.01136,0.0793682
1,108,0.649991,,0.649971,1.01136,0.0793682
1,108.5,0.650284,,0.650264,1.01136,0.0793682
1,109,0.650573,,0.650552,1.01136,0.0793682
1,109.5,0.650856,,0.650836,1.01136,0.0793682
1,110,0.651136,0.635507,0.651115,1.01136,0.0793682
1,110.5,0.65141,,0.651389,1.01136,0.0793682
1,111,0.651681,,0.65166,1.01136,0.0793682
1,111.5,0.651947,,0.651926,1.01136,0.0793682
1,112,0.652208,,0.652187,1.01136,0.0793682
1,112.5,0.652466,,0.652445,1.01136,0.0793682
1,113,0.652719,,0.652698,1.01136,0.0793682
1,113.5,0.652969,,0.652948,1.01136,0.0793682
1,114,0.653214,,0.653193,1.01136,0.0793682
1,114.5,0.653455,,0.653435,1.01136,0.0793682
1,115,0.653693,0.626945,0.653672,1.01136,0.0793682
1,115.5,0.653927,,0.653906,1.01136,0.0793682
1,116,0.654157,,0.654136,1.01136,0.0793682
1,116.5,0.654383,,0.654362,1.01136,0.0793682
1,117,0.654606,,0.654585,1.01136,0.0793682
1,117.5,0.654825,,0.654804,1.01136,0.0793682
1,118,0.655041,,0.65502,1.01136,0.0793682
1,118.5,0.655253,,0.655232,1.01136,0.0793682
1,119,0.655462,,0.655441,1.01136,0.0793682
1,119.5,0.655667,,0.655646,1.01136,0.0793682
1,120,0.655869,0.636358,0.655848,1.01136,0.0793682
2,0,0.011,0.0105662,0.011,2.0122,0.273019
2,0.5,0.0110104,,0.0110104,2.0122,0.273019
2,1,0.0111064,,0.0111063,2.0122,0.273019
2,1.5,0.0114173,,0.0114169,2.0122,0.273019
2,2,0.0120861,,0.0120851,2.0122,0.273019
2,2.5,0.0132435,,0.013242,2.0122,0.273019
2,3,0.0149946,,0.0149925,2.0122,0.273019
2,3.5,0.0174127,,0.01741,2.0122,0.273019
2,4,0.02054,,0.0205368,2.0122,0.273019
2,4.5,0.0243905,,0.0243869,2.0122,0.273019
2,5,0.0289552,0.0296497,0.0289513,2.0122,0.273019
2,5.5,0.0342069,,0.034203,2.0122,0.273019
2,6,0.0401055,,0.0401015,2.0122,0.273019
2,6.5,0.0466015,,0.0465975,2.0122,0.273019
2,7,0.05364,,0.0536362,2.0122,0.273019
2,7.5,0.0611636,,0.0611599,2.0122,0.273019
2,8,0.069114,,0.0691105,2.0122,0.273019
2,8.5,0.0774342,,0.0774309,2.0122,0.273019
2,9,0.0860691,,0.0860661,2.0122,0.273019
2,9.5,0.0949666,,0.0949639,2.0122,0.273019
2,10,0.104078,0.0891908,0.104076,2.0122,0.273019
2,10.5,0.113358,,0.113356,2.0122,0.273019
2,11,0.122766,,0.122764,2.0122,0.273019
2,11.5,0.132263,,0.132261,2.0122,0.273019
2,12,0.141815,,0.141814,2.0122,0.273019
2,12.5,0.151393,,0.151391,2.0122,0.273019
2,13,0.160968,,0.160967,2.0122,0.273019
2,13.5,0.170516,,0.170515,2.0122,0.273019
2,14,0.180016,,0.180015,2.0122,0.273019
2,14.5,0.189448,,0.189447,2.0122,0.273019
2,15,0.198797,0.173065,0.198796,2.0122,0.273019
2,15.5,0.208047,,0.208047,2.0122,0.273019
2,16,0.217187,,0.217187,2.0122,0.273019
2,16.5,0.226206,,0.226206,2.0122,0.273019
2,17,0.235095,,0.235095,2.0122,0.273019
2,17.5,0.243847,,0.243847,2.0122,0.273019
2,18,0.252455,,0.252455,2.0122,0.273019
2,18.5,0.260915,,0.260915,2.0122,0.273019
2,19,0.269222,,0.269223,2.0122,0.273019
2,19.5,0.277374,,0.277375,2.0122,0.273019
2,20,0.285369,0.313817,0.28537,2.0122,0.273019
2,20.5,0.293205,,0.293206,2.0122,0.273019
2,21,0.300881,,0.300882,2.0122,0.273019
2,21.5,0.308398,,0.308399,2.0122,0.273019
2,22,0.315756,,0.315757,2.0122,0.273019
2,22.5,0.322955,,0.322956,2.0122,0.273019
2,23,0.329996,,0.329998,2.0122,0.273019
2,23.5,0.336882,,0.336884,2.0122,0.273019
2,24,0.343614,,0.343616,2.0122,0.273019
2,24.5,0.350194,,0.350196,2.0122,0.273019
2,25,0.356625,0.365659,0.356626,2.0122,0.273019
2,25.5,0.362908,,0.362909,2.0122,0.273019
2,26,0.369047,,0.369048,2.0122,0.273019
2,26.5,0.375043,,0.375045,2.0122,0.273019
2,27,0.3809,,0.380902,2.0122,0.273019
2,27.5,0.386621,,0.386623,2.0122,0.273019
2,28,0.392209,,0.392211,2.0122,0.273019
2,28.5,0.397666,,0.397668,2.0122,0.273019
2,29,0.402996,,0.402997,2.0122,0.273019
2,29.5,0.408201,,0.408202,2.0122,0.273019
2,30,0.413284,0.405793,0.413286,2.0122,0.273019
2,30.5,0.418249,,0.418251,2.0122,0.273019
2,31,0.423098,,0.4231,2.0122,0.273019
2,31.5,0.427834,,0.427836,2.0122,0.273019
2,32,0.432461,,0.432462,2.0122,0.273019
2,32.5,0.43698,,0.436982,2.0122,0.273019
2,33,0.441395,,0.441397,2.0122,0.273019
2,33.5,0.445708,,0.44571,2.0122,0.273019
2,34,0.449923,,0.449924,2.0122,0.273019
2,34.5,0.454041,,0.454043,2.0122,0.273019
2,35,0.458065,0.453652,0.458067,2.0122,0.273019
2,35.5,0.461999,,0.462001,2.0122,0.273019
2,36,0.465843,,0.465845,2.0122,0.273019
2,36.5,0.469602,,0.469604,2.0122,0.273019
2,37,0.473276,,0.473278,2.0122,0.273019
2,37.5,0.476869,,0.476871,2.0122,0.273019
2,38,0.480382,,0.480384,2.0122,0.273019
2,38.5,0.483818,,0.48382,2.0122,0.273019
2,39,0.487178,,0.48718,2.0122,0.273019
2,39.5,0.490466,,0.490468,2.0122,0.273019
2,40,0.493682,0.483091,0.493684,2.0122,0.273019
2,40.5,0.496829,,0.496831,2.0122,0.273019
2,41,0.499908,,0.499911,2.0122,0.273019
2,41.5,0.502922,,0.502924,2.0122,0.273019
2,42,0.505872,,0.505874,2.0122,0.273019
2,42.5,0.50876,,0.508762,2.0122,0.273019
2,43,0.511587,,0.51159,2.0122,0.273019
2,43.5,0.514356,,0.514358,2.0122,0.273019
2,44,0.517067,,0.517069,2.0122,0.273019
2,44.5,0.519722,,0.519724,2.0122,0.273019
2,45,0.522323,0.463602,0.522325,2.0122,0.273019
2,45.5,0.524871,,0.524873,2.0122,0.273019
2,46,0.527367,,0.527369,2.0122,0.273019
2,46.5,0.529813,,0.529815,2.0122,0.273019
2,47,0.532209,,0.532212,2.0122,0.273019
2,47.5,0.534559,,0.534561,2.0122,0.273019
2,48,0.536861,,0.536863,2.0122,0.273019
2,48.5,0.539118,,0.53912,2.0122,0.273019
2,49,0.541331,,0.541333,2.0122,0.273019
2,49.5,0.5435,,0.543503,2.0122,0.273019
2,50,0.545628,0.547941,0.54563,2.0122,0.273019
2,50.5,0.547714,,0.547716,2.0122,0.273019
2,51,0.54976,,0.549763,2.0122,0.273019
2,51.5,0.551767,,0.55177,2.0122,0.273019
2,52,0.553736,,0.553739,2.0122,0.273019
2,52.5,0.555668,,0.55567,2.0122,0.273019
2,53,0.557563,,0.557565,2.0122,0.273019
2,53.5,0.559423,,0.559425,2.0122,0.273019
2,54,0.561248,,0.56125,2.0122,0.273019
2,54.5,0.563038,,0.563041,2.0122,0.273019
2,55,0.564796,0.543385,0.564799,2.0122,0.273019
2,55.5,0.566521,,0.566524,2.0122,0.273019
2,56,0.568215,,0.568218,2.0122,0.273019
2,56.5,0.569878,,0.56988,2.0122,0.273019
2,57,0.57151,,0.571513,2.0122,0.273019
2,57.5,0.573113,,0.573115,2.0122,0.273019
2,58,0.574687,,0.574689,2.0122,0.273019
2,58.5,0.576232,,0.576235,2.0122,0.273019
2,59,0.57775,,0.577752,2.0122,0.273019
2,59.5,0.579241,,0.579243,2.0122,0.273019
2,60,0.580705,0.560651,0.580707,2.0122,0.273019
2,60.5,0.582143,,0.582145,2.0122,0.273019
2,61,0.583555,,0.583558,2.0122,0.273019
2,61.5,0.584943,,0.584946,2.0122,0.273019
2,62,0.586306,,0.586309,2.0122,0.273019
2,62.5,0.587646,,0.587648,2.0122,0.273019
2,63,0.588962,,0.588964,2.0122,0.273019
2,63.5,0.590255,,0.590258,2.0122,0.273019
2,64,0.591526,,0.591528,2.0122,0.273019
2,64.5,0.592774,,0.592777,2.0122,0.273019
2,65,0.594002,0.581196,0.594004,2.0122,0.273019
2,65.5,0.595208,,0.59521,2.0122,0.273019
2,66,0.596393,,0.596395,2.0122,0.273019
2,66.5,0.597558,,0.59756,2.0122,0.273019
2,67,0.598703,,0.598706,2.0122,0.273019
2,67.5,0.599828,,0.599831,2.0122,0.273019
2,68,0.600935,,0.600937,2.0122,0.273019
2,68.5,0.602022,,0.602025,2.0122,0.273019
2,69,0.603092,,0.603094,2.0122,0.273019
2,69.5,0.604143,,0.604145,2.0122,0.273019
2,70,0.605176,0.619822,0.605179,2.0122,0.273019
2,70.5,0.606192,,0.606195,2.0122,0.273019
2,71,0.607191,,0.607194,2.0122,0.273019
2,71.5,0.608173,,0.608176,2.0122,0.273019
2,72,0.609139,,0.609142,2.0122,0.273019
2,72.5,0.610088,,0.610091,2.0122,0.273019
2,73,0.611022,,0.611025,2.0122,0.273019
2,73.5,0.61194,,0.611943,2.0122,0.273019
2,74,0.612843,,0.612846,2.0122,0.273019
2,74.5,0.613731,,0.613734,2.0122,0.273019
2,75,0.614604,0.591194,0.614607,2.0122,0.273019
2,75.5,0.615463,,0.615466,2.0122,0.273019
2,76,0.616308,,0.61631,2.0122,0.273019
2,76.5,0.617138,,0.617141,2.0122,0.273019
2,77,0.617955,,0.617958,2.0122,0.273019
2,77.5,0.618759,,0.618761,2.0122,0.273019
2,78,0.619549,,0.619552,2.0122,0.273019
2,78.5,0.620326,,0.620329,2.0122,0.273019
2,79,0.621091,,0.621093,2.0122,0.273019
2,79.5,0.621843,,0.621845,2.0122,0.273019
2,80,0.622582,0.593897,0.622585,2.0122,0.273019
2,80.5,0.62331,,0.623313,2.0122,0.273019
2,81,0.624026,,0.624028,2.0122,0.273019
2,81.5,0.62473,,0.624732,2.0122,0.273019
2,82,0.625422,,0.625425,2.0122,0.273019
2,82.5,0.626103,,0.626106,2.0122,0.273019
2,83,0.626774,,0.626776,2.0122,0.273019
2,83.5,0.627433,,0.627436,2.0122,0.273019
2,84,0.628081,,0.628084,2.0122,0.273019
2,84.5,0.628719,,0.628722,2.0122,0.273019
2,85,0.629347,0.642144,0.62935,2.0122,0.273019
2,85.5,0.629964,,0.629967,2.0122,0.273019
2,86,0.630572,,0.630575,2.0122,0.273019
2,86.5,0.631169,,0.631172,2.0122,0.273019
2,87,0.631757,,0.63176,2.0122,0.273019
2,87.5,0.632336,,0.632339,2.0122,0.273019
2,88,0.632905,,0.632908,2.0122,0.273019
2,88.5,0.633465,,0.633467,2.0122,0.273019
2,89,0.634015,,0.634018,2.0122,0.273019
2,89.5,0.634557,,0.63456,2.0122,0.273019
2,90,0.635091,0.650178,0.635093,2.0122,0.273019
2,90.5,0.635615,,0.635618,2.0122,0.273019
2,91,0.636131,,0.636134,2.0122,0.273019
2,91.5,0.636639,,0.636642,2.0122,0.273019
2,92,0.637139,,0.637141,2.0122,0.273019
2,92.5,0.63763,,0.637633,2.0122,0.273019
2,93,0.638114,,0.638117,2.0122,0.273019
2,93.5,0.63859,,0.638593,2.0122,0.273019
2,94,0.639058,,0.639061,2.0122,0.273019
2,94.5,0.639519,,0.639522,2.0122,0.273019
2,95,0.639972,0.620793,0.639975,2.0122,0.273019
2,95.5,0.640418,,0.640421,2.0122,0.273019
2,96,0.640857,,0.64086,2.0122,0.273019
2,96.5,0.641289,,0.641291,2.0122,0.273019
2,97,0.641714,,0.641716,2.0122,0.273019
2,97.5,0.642132,,0.642134,2.0122,0.273019
2,98,0.642543,,0.642546,2.0122,0.273019
2,98.5,0.642948,,0.64295,2.0122,0.273019
2,99,0.643346,,0.643349,2.0122,0.273019
2,99.5,0.643738,,0.643741,2.0122,0.273019
2,100,0.644123,0.655371,0.644126,2.0122,0.273019
2,100.5,0.644503,,0.644505,2.0122,0.273019
2,101,0.644876,,0.644879,2.0122,0.273019
2,101.5,0.645243,,0.645246,2.0122,0.273019
2,102,0.645605,,0.645607,2.0122,0.273019
2,102.5,0.64596,,0.645963,2.0122,0.273019
2,103,0.64631,,0.646313,2.0122,0.273019
2,103.5,0.646655,,0.646657,2.0122,0.273019
2,104,0.646993,,0.646996,2.0122,0.273019
2,104.5,0.647327,,0.64733,2.0122,0.273019
2,105,0.647655,0.641822,0.647658,2.0122,0.273019
2,105.5,0.647978,,0.64798,2.0122,0.273019
2,106,0.648295,,0.648298,2.0122,0.273019
2,106.5,0.648608,,0.648611,2.0122,0.273019
2,107,0.648915,,0.648918,2.0122,0.273019
2,107.5,0.649218,,0.649221,2.0122,0.273019
2,108,0.649516,,0.649519,2.0122,0.273019
2,108.5,0.649809,,0.649812,2.0122,0.273019
2,109,0.650097,,0.6501,2.0122,0.273019
2,109.5,0.650381,,0.650384,2.0122,0.273019
2,110,0.65066,0.656686,0.650663,2.0122,0.273019
2,110.5,0.650935,,0.650937,2.0122,0.273019
2,111,0.651205,,0.651208,2.0122,0.273019
2,111.5,0.651471,,0.651474,2.0122,0.273019
2,112,0.651732,,0.651735,2.0122,0.273019
2,112.5,0.65199,,0.651993,2.0122,0.273019
2,113,0.652243,,0.652246,2.0122,0.273019
2,113.5,0.652493,,0.652496,2.0122,0.273019
2,114,0.652738,,0.652741,2.0122,0.273019
2,114.5,0.652979,,0.652982,2.0122,0.273019
2,115,0.653217,0.627998,0.65322,2.0122,0.273019
2,115.5,0.653451,,0.653454,2.0122,0.273019
2,116,0.653681,,0.653684,2.0122,0.273019
2,116.5,0.653907,,0.65391,2.0122,0.273019
2,117,0.65413,,0.654133,2.0122,0.273019
2,117.5,0.654349,,0.654352,2.0122,0.273019
2,118,0.654565,,0.654567,2.0122,0.273019
2,118.5,0.654777,,0.65478,2.0122,0.273019
2,119,0.654986,,0.654988,2.0122,0.273019
2,119.5,0.655191,,0.655194,2.0122,0.273019
2,120,0.655393,0.672051,0.655396,2.0122,0.273019
